Count,Time_Elapsed,Average_Time,Capture_Time,BayerToRGB,Vec_Rec_Time,Memcpy_Rec_Time,Image saving,TotalTime 
16584,2.5429,1.70321,1.46954,0.072823,0.48287,0.460166,0,16.8913
16584,2.54454,1.70318,0.545037,0.085603,0.448318,0.427793,0,2.55981
16584,2.54625,1.70318,0.651155,0.091098,0.44193,0.42685,0,1.59048
16584,2.54787,1.70312,0.590987,0.088298,0.446493,0.44742,0,1.68532
16584,2.54954,1.7031,0.607544,0.093146,0.448712,0.438292,0,1.64555
16584,2.55121,1.70308,0.611155,0.093735,0.441072,0.436843,0,1.66962
16584,2.55287,1.70305,0.607967,0.098741,0.497847,0.445843,0,1.65735
16584,2.55453,1.70302,0.55095,0.082125,0.395726,0.438305,0,1.73424
16584,2.55622,1.70301,0.689467,0.097622,0.442808,0.43151,0,1.5391
16584,2.55789,1.70299,0.582408,0.127139,0.473047,0.4854,0,1.74221
16584,2.55954,1.70295,0.031363,0.086983,0.459691,0.445034,0,2.24135
16584,2.56118,1.70291,0.577322,0.09115,0.449918,0.44585,0,1.09081
16584,2.56285,1.70289,0.568711,0.094049,0.44519,0.466455,0,1.67078
16584,2.56455,1.70289,0.614191,0.094696,0.546219,0.481385,0,1.654
16584,2.56618,1.70284,0.424115,0.095121,0.45608,0.438091,0,1.82057
16584,2.56784,1.70281,0.59708,0.097435,0.456105,0.496541,0,1.48751
16584,2.5695,1.70278,0.528212,0.096031,0.459188,0.461248,0,1.72732
16584,2.57119,1.70278,0.610313,0.096079,0.467921,0.463253,0,1.61471
16584,2.57281,1.70272,0.529853,0.079426,0.484306,0.477983,0,1.71518
16584,2.57449,1.7027,0.554694,0.091513,0.444912,1.24005,0,1.63917
16584,2.57637,1.70282,0.030713,0.091306,0.449673,0.433543,0,2.40715
16584,2.5778,1.70264,0.384603,0.085605,0.444529,0.44243,0,1.08468
16584,2.57947,1.70262,0.613369,0.087539,0.449351,0.447126,0,1.43332
16584,2.58113,1.70259,0.603742,0.090195,0.452496,0.442897,0,1.67087
16585,2.5828,1.70257,0.606769,0.088475,0.452954,0.434792,0,1.66536
16585,2.58446,1.70254,0.612766,0.086931,0.452278,0.435221,0,1.65714
16585,2.58613,1.70252,0.617384,0.09268,0.452336,0.431605,0,1.65914
16585,2.5878,1.7025,0.620257,0.090744,0.449991,0.431906,0,1.67308
16585,2.58944,1.70246,0.593295,0.090112,0.454018,0.981917,0,1.66617
16585,2.59111,1.70244,0.071445,0.079966,1.22934,0.446056,0,2.19842
16585,2.59296,1.70254,0.030405,0.072015,0.493204,0.439422,0,1.90091
16585,2.59444,1.70239,0.373302,0.084376,0.463665,0.43765,0,1.12177
16585,2.5961,1.70236,0.595652,0.089839,0.451163,0.442219,0,1.43288
16585,2.59781,1.70236,0.647672,0.095005,0.468268,0.449092,0,1.64925
16585,2.59945,1.70233,0.55941,0.091251,0.462088,0.436101,0,1.7409
16585,2.60111,1.7023,0.587737,0.089786,0.465848,0.448313,0,1.62872
16585,2.60278,1.70228,0.593063,0.089874,0.471285,0.453142,0,1.66663
16585,2.60442,1.70223,0.53771,0.093052,0.459905,0.451009,0,1.68626
16585,2.60608,1.70221,0.587907,0.09737,0.482689,0.455771,0,1.61201
16585,2.60806,1.70239,0.876828,0.081349,0.511126,1.11201,0,1.70106
16585,2.60988,1.70246,0.026191,0.093455,0.481471,0.50957,0,2.65894
16585,2.61107,1.70213,0.033416,0.079498,0.468089,0.476458,0,1.20025
16585,2.61273,1.7021,0.55405,0.092623,0.449969,0.442014,0,1.1205
16585,2.61439,1.70207,0.594104,0.092971,0.473374,0.486781,0,1.62021
16585,2.61608,1.70207,0.566337,0.094093,0.454082,0.439585,0,1.71873
16585,2.61775,1.70205,0.605368,0.092268,0.51351,0.442186,0,1.63081
16585,2.6194,1.70201,0.528117,0.090828,0.465089,0.487411,0,1.72701
16585,2.62109,1.702,0.572302,0.096591,0.469759,0.455518,0,1.64158
16585,2.62271,1.70196,0.551497,0.070045,0.463588,0.44713,0,1.67253
16585,2.62438,1.70193,0.608429,0.068267,0.495587,0.462261,0,1.60809
16585,2.62638,1.70212,0.875549,0.092938,0.466913,0.451694,0,1.71
16585,2.62768,1.70187,0.230529,0.079831,0.457941,0.445594,0,1.96433
16585,2.62935,1.70184,0.602114,0.092801,0.454224,0.44676,0,1.28041
16585,2.63102,1.70182,0.601542,0.08584,0.458228,0.447237,0,1.673
16585,2.63266,1.70178,0.588343,0.068714,0.461951,0.443664,0,1.67253
16585,2.63433,1.70176,0.618786,0.07786,0.448962,0.441739,0,1.63535
16585,2.63604,1.70177,0.646109,0.096159,0.49838,0.435808,0,1.65788
16585,2.63768,1.70173,0.553032,0.07986,0.458968,0.445741,0,1.75562
16585,2.63936,1.70171,0.602719,0.088948,0.390936,0.437205,0,1.61787
16585,2.64102,1.70169,0.678517,0.090641,0.404955,0.443264,0,1.58897
16585,2.64405,1.70255,2.03145,0.078499,0.470268,1.0692,0,1.68781
16585,2.64579,1.70257,0.034182,0.079146,0.467879,0.451723,0,3.72893
16585,2.6469,1.70218,0.035732,0.079372,0.46006,0.449535,0,1.10795
16585,2.64798,1.70179,0.030553,0.077211,0.454438,0.44618,0,1.08913
16585,2.64931,1.70155,0.287311,0.085417,0.477448,0.462059,0,1.06975
16585,2.65096,1.70151,0.55227,0.070302,0.459345,0.44836,0,1.39453
16585,2.65264,1.7015,0.612033,0.088697,0.451189,0.449066,0,1.5983
16585,2.65434,1.7015,0.655032,0.079065,0.354747,0.349074,0,1.67356
16585,2.65597,1.70145,0.773698,0.090302,0.453173,0.444735,0,1.49375
16585,2.65762,1.70142,0.596073,0.086982,0.452508,0.431327,0,1.83806
16585,2.65932,1.70142,0.657815,0.090306,0.362717,0.438573,0,1.63417
16585,2.66118,1.70152,0.939635,0.066626,0.479266,0.456759,0,1.60252
16585,2.66261,1.70135,0.317785,0.081401,0.451784,0.399104,0,2.02945
16585,2.66427,1.70132,0.652133,0.08831,0.423878,0.432517,0,1.32476
16585,2.66594,1.70131,0.676038,0.090563,0.378822,0.367628,0,1.64768
16585,2.66763,1.70129,0.788522,0.089251,0.455088,0.435,0,1.57183
16585,2.66926,1.70125,0.580252,0.087208,0.45491,0.44023,0,1.84089
16585,2.67093,1.70123,0.61242,0.089598,0.472779,0.452509,0,1.6317
16585,2.67262,1.70122,0.604688,0.090962,0.461683,0.447829,0,1.70167
16585,2.67432,1.70122,0.622659,0.094003,0.459788,0.47305,0,1.67678
16585,2.67591,1.70115,0.493084,0.090738,0.451974,0.434159,0,1.72768
16585,2.67758,1.70113,0.618863,0.091487,0.454039,0.485723,0,1.5373
16585,2.68063,1.70198,1.90241,0.099578,0.463325,0.481573,0,1.7559
16585,2.68177,1.70163,0.033914,0.084336,0.451829,0.459628,0,3.02919
16585,2.68287,1.70125,0.03263,0.083806,0.488136,0.443725,0,1.09577
16585,2.68422,1.70103,0.281502,0.078589,0.460945,0.451564,0,1.11298
16585,2.68595,1.70104,0.649411,0.101183,0.447442,0.437551,0,1.33768
16585,2.68768,1.70107,0.572763,0.189959,1.04448,0.439109,0,1.72026
16585,2.68935,1.70105,0.02611,0.091804,0.461533,0.453243,0,2.31553
16585,2.69092,1.70096,0.480024,0.096997,0.445804,0.431167,0,1.107
16585,2.69257,1.70093,0.597553,0.093454,0.442554,0.439555,0,1.53419
16585,2.69419,1.70088,0.595124,0.074478,0.447677,0.44227,0,1.6436
16585,2.69591,1.70089,0.661028,0.095221,0.478262,0.446301,0,1.62856
16585,2.69753,1.70084,0.537279,0.080039,0.482,0.455451,0,1.76504
16585,2.6992,1.70082,0.566841,0.091864,0.445673,0.433329,0,1.62398
16585,2.70086,1.7008,0.624835,0.09172,0.453386,0.4235,0,1.60871
16585,2.70252,1.70077,0.619226,0.092904,0.439518,0.435559,0,1.66478
16585,2.70419,1.70075,0.631902,0.095765,0.608792,1.08533,0,1.65387
16585,2.70608,1.70087,0.02861,0.097527,0.605709,0.438371,0,2.49077
16585,2.70751,1.7007,0.221036,0.082884,0.436985,0.422751,0,1.24855
16585,2.70918,1.70067,0.643173,0.092078,0.430084,0.431205,0,1.23455
16585,2.71085,1.70066,0.645558,0.094668,0.40128,0.424843,0,1.66516
16585,2.7125,1.70063,0.668399,0.094601,0.379028,0.452925,0,1.63436
16585,2.71416,1.7006,0.666297,0.095767,0.916306,0.428926,0,1.66027
16585,2.7158,1.70056,0.166909,0.063765,1.11963,0.415471,0,2.17057
16585,2.71753,1.70058,0.029495,0.092513,0.486638,0.427572,0,1.83561
16585,2.71915,1.70053,0.545394,0.091206,0.441113,0.429068,0,1.10799
16585,2.7208,1.7005,0.627055,0.075577,0.439662,0.427022,0,1.58077
16585,2.72246,1.70048,0.64676,0.07438,0.4495,0.443681,0,1.64445
16585,2.72412,1.70045,0.624037,0.073702,0.466474,0.440449,0,1.68614
16585,2.72584,1.70046,0.628385,0.097246,0.45522,0.433534,0,1.68749
16585,2.72749,1.70043,0.60462,0.078397,0.45187,0.427217,0,1.69552
16585,2.72918,1.70042,0.655591,0.075404,0.447385,0.435309,0,1.63742
16585,2.73083,1.70039,0.617175,0.075502,0.452109,0.453015,0,1.68898
16585,2.73393,1.70127,2.04273,0.081863,0.454809,0.440381,0,1.67166
16585,2.73503,1.70089,0.036218,0.078872,0.445467,0.42304,0,3.10251
16585,2.73607,1.70048,0.030826,0.078506,0.435676,0.426698,0,1.05193
16585,2.73744,1.70027,0.356099,0.079047,0.446475,0.43902,0,1.03685
16585,2.73911,1.70026,0.657811,0.074202,0.444608,0.46703,0,1.38137
16585,2.74079,1.70024,0.606575,0.09281,0.445415,0.428703,0,1.70935
16585,2.74249,1.70024,0.660636,0.09617,0.440892,0.426746,0,1.64012
16585,2.74412,1.7002,0.606441,0.093643,0.441626,0.433948,0,1.69088
16585,2.74579,1.70018,0.634487,0.093147,0.44389,0.421054,0,1.63655
16585,2.74745,1.70016,0.616148,0.125405,0.440038,0.42985,0,1.65511
16585,2.74915,1.70016,0.58718,0.165726,0.432032,0.441163,0,1.68729
16585,2.7521,1.70093,1.87994,0.122632,0.371511,0.344336,0,1.69488
16585,2.75298,1.70042,0.028777,0.079066,0.352753,0.337975,0,2.77438
16585,2.75406,1.70004,0.260287,0.086301,0.351105,0.336972,0,0.846303
16585,2.75573,1.70002,0.844797,0.088015,0.367124,0.365326,0,1.0769
16585,2.7574,1.7,0.810045,0.091547,0.452148,0.441666,0,1.70857
16585,2.75912,1.70001,0.658702,0.093408,0.453716,0.422982,0,1.865
16585,2.76075,1.69997,0.58401,0.091269,0.445645,0.422119,0,1.7087
16585,2.76241,1.69995,0.625392,0.091174,0.442484,0.424731,0,1.62052
16585,2.76412,1.69995,0.668998,0.090089,0.444279,0.42954,0,1.66165
16585,2.76574,1.6999,0.577923,0.090773,0.455755,0.424176,0,1.71431
16585,2.76741,1.69988,0.618197,0.090653,0.437988,0.458879,0,1.62709
16585,2.76904,1.69984,0.570177,0.080095,0.45611,0.447594,0,1.68562
16585,2.7707,1.69982,0.598944,0.08936,0.383781,0.42952,0,1.62644
16585,2.7724,1.69982,0.714871,0.0916,0.395725,0.428302,0,1.57967
16585,2.77401,1.69976,0.634746,0.075376,0.443526,0.441429,0,1.70946
16585,2.7757,1.69975,0.62052,0.093273,0.439761,0.427435,0,1.68031
16585,2.77736,1.69973,0.62313,0.090003,0.436497,0.435701,0,1.66149
16585,2.77904,1.69972,0.655148,0.08746,0.439977,0.440449,0,1.65115
16585,2.78068,1.69968,0.603488,0.087971,0.432468,0.424413,0,1.68706
16585,2.78233,1.69965,0.655188,0.0736,0.434479,0.42381,0,1.62004
16585,2.78405,1.69966,0.698011,0.087855,0.447133,0.411034,0,1.65744
16585,2.78565,1.6996,0.6012,0.071373,0.45403,0.436954,0,1.7126
16585,2.78732,1.69958,0.637209,0.079305,0.431509,0.436358,0,1.62911
16585,2.78899,1.69957,0.648046,0.08952,0.448743,0.432271,0,1.65526
16585,2.79068,1.69956,0.654127,0.072857,0.460706,0.429003,0,1.69339
16585,2.79233,1.69953,0.602431,0.074472,0.451694,0.42791,0,1.70303
16585,2.79398,1.6995,0.610055,0.089921,0.440027,0.423081,0,1.62827
16585,2.7957,1.69951,0.679426,0.093973,0.446343,0.425924,0,1.63994
16585,2.79733,1.69947,0.610175,0.074451,0.445632,0.434881,0,1.7206
16585,2.79897,1.69943,0.591288,0.089214,0.444617,0.423388,0,1.64338
16585,2.80061,1.6994,0.633139,0.073849,0.435319,0.425446,0,1.62015
16585,2.8023,1.6994,0.664534,0.093205,0.436066,0.421847,0,1.63812
16585,2.80416,1.69949,0.645336,0.284657,0.454585,0.435617,0,1.68439
16585,2.80563,1.69935,0.402897,0.089868,0.442105,0.425968,0,1.90591
16585,2.80763,1.69954,0.66564,0.397087,0.452674,0.440003,0,1.43626
16585,2.80896,1.69931,0.254447,0.087805,0.443531,0.423534,0,2.03989
16585,2.81062,1.69929,0.626321,0.090372,0.436416,0.420724,0,1.29351
16585,2.81227,1.69926,0.630973,0.089341,0.440052,0.425307,0,1.64742
16585,2.81394,1.69924,0.638541,0.088322,0.444847,0.434662,0,1.65507
16585,2.81561,1.69922,0.637649,0.088766,0.441569,0.421456,0,1.67416
16585,2.81726,1.69919,0.631371,0.087086,0.434871,0.426607,0,1.66264
16585,2.81898,1.69921,0.691485,0.091836,0.439069,0.432064,0,1.65485
16585,2.82059,1.69915,0.567971,0.088931,0.440992,0.428801,0,1.73332
16585,2.82403,1.7002,2.39427,0.091971,0.470914,1.04392,0,1.60806
16585,2.82573,1.7002,0.036252,0.069472,0.441869,0.427259,0,4.08058
16585,2.82676,1.6998,0.034134,0.059613,0.42845,0.43572,0,1.04849
16585,2.82781,1.69941,0.035458,0.078468,0.437962,0.451072,0,1.02444
16585,2.8289,1.69904,0.052346,0.080808,0.44143,0.42828,0,1.07065
16585,2.83065,1.69907,0.666679,0.14052,0.445136,0.428135,0,1.07444
16585,2.83223,1.699,0.534919,0.087127,0.431913,0.422412,0,1.76397
16585,2.83391,1.69899,0.671692,0.089369,0.441317,0.421822,0,1.54522
16585,2.83557,1.69896,0.651409,0.071646,0.455555,0.429158,0,1.69483
16585,2.83725,1.69895,0.644074,0.070999,0.449363,0.433886,0,1.69136
16585,2.83895,1.69895,0.646881,0.092958,0.442605,0.431,0,1.66889
16585,2.8419,1.6997,1.91762,0.093359,0.38241,0.331884,0,1.6846
16585,2.84387,1.69986,1.10072,0.087736,0.360421,0.343933,0,2.78715
16585,2.84557,1.69986,0.859511,0.086231,0.364999,0.3518,0,1.94367
16585,2.84718,1.69981,0.746495,0.084175,0.335949,0.325478,0,1.73033
16585,2.84888,1.69981,0.898682,0.085529,0.337853,0.328798,0,1.54061
16585,2.85052,1.69977,0.832611,0.086266,0.429825,0.416397,0,1.70456
16585,2.85221,1.69977,0.679804,0.089448,0.425307,0.414507,0,1.84346
16585,2.85388,1.69975,0.673155,0.090174,0.436213,0.41895,0,1.67775
16585,2.85554,1.69973,0.62541,0.092142,0.423288,0.418297,0,1.7037
16585,2.8572,1.6997,0.642623,0.091317,0.366612,0.500477,0,1.6391
16585,2.86039,1.70059,2.14663,0.104786,0.397711,0.436534,0,1.67589
16585,2.86143,1.70019,0.036451,0.082963,0.482754,0.482197,0,3.17023
16585,2.86257,1.69986,0.035784,0.073203,0.443192,0.522538,0,1.14938
16585,2.86381,1.69959,0.141988,0.063335,0.45588,0.450898,0,1.14691
16585,2.86549,1.69958,0.603217,0.090104,0.435336,0.44235,0,1.18619
16585,2.86719,1.69958,0.657235,0.091654,0.437154,0.422419,0,1.64448
16585,2.86884,1.69955,0.621171,0.092498,0.438948,0.426152,0,1.69126
16585,2.8705,1.69953,0.631823,0.093002,0.434584,0.426775,0,1.65078
16585,2.87216,1.69951,0.637382,0.093448,0.436535,0.422352,0,1.65597
16585,2.87383,1.69948,0.642185,0.091108,0.444005,0.428143,0,1.65768
16585,2.87546,1.69944,0.573408,0.087817,0.4441,0.98737,0,1.70436
16585,2.87712,1.69942,0.095855,0.062807,0.458019,1.06358,0,2.16266
16585,2.87881,1.69942,0.028613,0.071144,0.446952,0.473803,0,1.75398
16585,2.88046,1.69939,0.579205,0.070311,0.447527,0.435312,0,1.09631
16585,2.88212,1.69937,0.592862,0.087649,0.471495,0.430838,0,1.63499
16585,2.88382,1.69936,0.624261,0.089098,0.447394,0.424533,0,1.65901
16585,2.88546,1.69933,0.601288,0.087273,0.436173,0.436571,0,1.66862
16585,2.88714,1.69932,0.641618,0.08853,0.443606,0.418911,0,1.6338
16585,2.8888,1.6993,0.637938,0.087646,0.438656,0.422047,0,1.6698
16585,2.89046,1.69927,0.633382,0.088545,0.449998,0.421279,0,1.66524
16585,2.89212,1.69925,0.616523,0.085482,0.436943,0.429605,0,1.67151
16585,2.89376,1.69921,0.633536,0.069892,0.452685,0.426679,0,1.63903
16585,2.89613,1.69961,1.34607,0.076295,0.453121,0.436281,0,1.65539
16585,2.90042,1.70113,3.21693,0.102277,0.448734,0.420025,0,2.39639
16585,2.9021,1.70111,0.625798,0.093715,0.423976,0.426026,0,4.27689
16585,2.90376,1.70109,0.653261,0.085928,0.427071,0.403414,0,1.64229
16585,2.9054,1.70105,0.641971,0.086536,0.442177,0.432404,0,1.64482
16585,2.90709,1.70105,0.662949,0.092823,0.427718,0.426541,0,1.66763
16585,2.90876,1.70103,0.621125,0.119755,0.439254,0.437918,0,1.67711
16585,2.91046,1.70103,0.583147,0.168348,0.428786,2.43977,0,1.6965
16585,2.91353,1.70183,0.031935,0.097479,0.441771,1.04781,0,3.69241
16585,2.91521,1.70182,0.029531,0.086841,0.44129,0.496408,0,1.69354
16585,2.91634,1.70148,0.038396,0.078821,0.440769,0.470525,0,1.12608
16585,2.91744,1.70113,0.034367,0.089688,0.446795,0.429778,0,1.09386
16585,2.9187,1.70088,0.236728,0.080028,0.433792,0.41965,0,1.06798
16585,2.9204,1.70088,0.687871,0.093572,0.43154,0.419968,0,1.23678
16585,2.92202,1.70082,0.605575,0.074256,0.461536,0.455306,0,1.71351
16585,2.92369,1.70081,0.580244,0.089576,0.462507,0.442139,0,1.68322
16585,2.92544,1.70084,0.673643,0.092794,0.475163,0.484318,0,1.65505
16585,2.92705,1.70078,0.475362,0.097965,0.449893,0.431591,0,1.80104
16585,2.92874,1.70078,0.637918,0.092617,0.463738,0.448327,0,1.53385
16585,2.93034,1.70072,0.529538,0.081036,0.445422,0.653651,0,1.72
16585,2.93209,1.70075,0.451221,0.12797,0.458304,0.431991,0,1.77914
16585,2.93368,1.70068,0.521761,0.090481,0.445443,0.425006,0,1.55418
16585,2.93536,1.70067,0.644812,0.091989,0.444468,0.423526,0,1.56417
16585,2.937,1.70064,0.595507,0.090213,0.446045,0.437546,0,1.68498
16585,2.93868,1.70063,0.633342,0.095086,0.435184,0.433509,0,1.64209
16585,2.94038,1.70063,0.661008,0.097718,0.392256,0.423082,0,1.66925
16585,2.94199,1.70057,0.639291,0.073213,0.443963,0.43189,0,1.65245
16585,2.94368,1.70057,0.65522,0.073639,0.446046,0.429247,0,1.6744
16585,2.9453,1.70052,0.601098,0.074094,0.439838,0.434398,0,1.67507
16585,2.94697,1.7005,0.648075,0.078912,0.438854,0.422707,0,1.61915
16585,2.94866,1.7005,0.664644,0.094844,0.449082,0.42837,0,1.65766
16585,2.95031,1.70047,0.600792,0.094319,0.455314,0.481342,0,1.71402
16585,2.95196,1.70044,0.546417,0.088639,0.44136,0.419913,0,1.70946
16585,2.95366,1.70044,0.674387,0.087085,0.439951,0.423799,0,1.56617
16585,2.95528,1.70039,0.602896,0.085995,0.438317,0.426155,0,1.69258
16585,2.95697,1.70038,0.686343,0.073472,0.443852,0.426898,0,1.62152
16585,2.95861,1.70035,0.611063,0.089293,0.437998,0.42801,0,1.70415
16585,2.96028,1.70033,0.637089,0.087663,0.437554,0.423403,0,1.63623
16585,2.96194,1.70031,0.641187,0.088262,0.440528,0.418522,0,1.65776
16585,2.96362,1.7003,0.667349,0.08931,0.440849,0.449798,0,1.65532
16585,2.96617,1.70079,1.5011,0.096793,0.453455,0.441324,0,1.71379
16585,2.96725,1.70043,0.035576,0.064377,0.436187,0.427988,0,2.57533
16585,2.96861,1.70024,0.346494,0.082314,0.440598,0.423017,0,1.03374
16585,2.97025,1.7002,0.628,0.071825,0.443458,0.421054,0,1.36161
16585,2.97197,1.70021,0.705691,0.089305,0.442831,0.437057,0,1.6311
16585,2.97364,1.7002,0.619737,0.090463,0.505524,0.436075,0,1.75488
16585,2.97524,1.70014,0.485059,0.08819,0.391237,0.422252,0,1.73208
16585,2.9769,1.70011,0.686949,0.088812,0.440857,0.42407,0,1.45874
16585,2.97857,1.7001,0.648651,0.090577,0.437957,0.421334,0,1.70437
16585,2.98028,1.7001,0.693558,0.091976,0.446737,0.421794,0,1.66252
16585,2.98206,1.70015,0.755417,0.088854,0.442541,1.0278,0,1.72694
16585,2.98373,1.70013,0.027669,0.09229,0.442741,0.432766,0,2.38456
16585,2.98526,1.70003,0.497191,0.091647,0.456754,0.435157,0,1.06715
16585,2.98692,1.70001,0.593608,0.092742,0.4547,0.424824,0,1.55724
16585,2.98859,1.69999,0.623059,0.093199,0.451418,0.428275,0,1.64012
16585,2.99028,1.69999,0.648945,0.091098,0.456923,0.441098,0,1.67354
16585,2.99194,1.69997,0.592817,0.092165,0.461294,0.422326,0,1.715
16585,2.9936,1.69995,0.607359,0.092095,0.471465,0.501582,0,1.64573
16585,2.9952,1.69989,0.455523,0.091194,0.470335,0.426582,0,1.74757
16585,2.9969,1.69989,0.639163,0.089625,0.457444,0.425626,0,1.52002
16585,2.99853,1.69984,0.57295,0.089517,0.465853,0.451155,0,1.69141
16585,3.00021,1.69983,0.603255,0.085517,0.460506,0.43072,0,1.65342
16585,3.00185,1.6998,0.591296,0.086578,0.46381,0.427266,0,1.65682
16585,3.00353,1.69979,0.628892,0.086253,0.443075,0.422217,0,1.64575
16585,3.00519,1.69977,0.628145,0.087509,0.455417,0.433421,0,1.65624
16585,3.00687,1.69976,0.633315,0.088991,0.45093,0.436813,0,1.67089
16585,3.00853,1.69974,0.611807,0.088744,0.459255,0.427918,0,1.68577
16585,3.01017,1.6997,0.580796,0.089318,0.445404,0.431174,0,1.66308
16585,3.01182,1.69967,0.625354,0.089782,0.451126,0.429249,0,1.61261
16585,3.01352,1.69968,0.651463,0.091369,0.457062,0.43521,0,1.67213
16585,3.01518,1.69965,0.594512,0.095628,0.444787,0.512559,0,1.71246
16585,3.01817,1.70038,1.86096,0.095127,0.415194,0.340938,0,1.71659
16585,3.01909,1.69994,0.028652,0.064189,0.353468,0.332284,0,2.7849
16585,3.02012,1.69956,0.227697,0.060289,0.361953,0.333595,0,0.833614
16585,3.02187,1.69959,0.904943,0.094549,0.449091,0.422641,0,1.04244
16585,3.02347,1.69953,0.565468,0.089292,0.44098,0.418968,0,1.94431
16585,3.02515,1.69952,0.67657,0.072443,0.455093,0.440358,0,1.5826
16585,3.02681,1.6995,0.615502,0.072564,0.451724,0.423999,0,1.72095
16585,3.02847,1.69948,0.641276,0.071418,0.445632,0.422629,0,1.64019
16585,3.0301,1.69944,0.619102,0.070488,0.436327,0.424079,0,1.65472
16585,3.03178,1.69943,0.658967,0.095081,0.461984,0.445795,0,1.61403
16585,3.03351,1.69944,0.653138,0.09306,0.441562,0.442086,0,1.73225
16585,3.03659,1.70022,2.02362,0.090601,0.467671,0.425358,0,1.71756
16585,3.03768,1.69987,0.036402,0.077132,0.473719,0.433692,0,3.08252
16585,3.03876,1.69953,0.032029,0.083516,0.441888,0.420719,0,1.08466
16585,3.0401,1.69933,0.325949,0.078791,0.458482,0.451521,0,1.04356
16585,3.04182,1.69934,0.674176,0.075373,0.458178,0.431226,0,1.37858
16585,3.04349,1.69932,0.610409,0.093433,0.460734,0.425678,0,1.71425
16585,3.04511,1.69928,0.570993,0.090079,0.447506,0.429646,0,1.66888
16585,3.04679,1.69927,0.632888,0.092018,0.44515,0.422164,0,1.61106
16585,3.04845,1.69925,0.626057,0.091559,0.451704,0.420533,0,1.66558
16585,3.0501,1.69922,0.617831,0.091606,0.459399,0.414277,0,1.66415
16585,3.05177,1.69921,0.635143,0.093844,0.431373,0.444682,0,1.64905
16585,3.05338,1.69915,0.595961,0.062232,0.450976,0.462951,0,1.6746
16585,3.05508,1.69915,0.6467,0.073263,0.447815,0.427779,0,1.64125
16585,3.05678,1.69916,0.662312,0.091337,0.447094,0.429142,0,1.67108
16585,3.05843,1.69913,0.59839,0.093297,0.383575,0.42665,0,1.70721
16585,3.06006,1.69909,0.651578,0.09148,0.422436,0.445914,0,1.57655
16585,3.06173,1.69907,0.628882,0.090933,0.456972,0.443416,0,1.69076
16585,3.06341,1.69906,0.621027,0.094224,0.445822,0.439846,0,1.69115
16585,3.06503,1.69902,0.580722,0.088431,0.439538,0.446006,0,1.66571
16585,3.06671,1.69901,0.631229,0.092885,0.438677,0.459608,0,1.62222
16585,3.06839,1.699,0.629111,0.088532,0.44084,0.426048,0,1.68677
16585,3.07003,1.69897,0.619635,0.093414,0.481353,0.446832,0,1.64827
16585,3.07173,1.69896,0.607522,0.08867,0.438511,0.436327,0,1.70865
16585,3.07336,1.69893,0.613192,0.069633,0.446663,0.442387,0,1.6461
16585,3.07505,1.69892,0.666524,0.069989,0.444602,0.422252,0,1.63942
16585,3.07669,1.69889,0.629436,0.072684,0.458886,0.439622,0,1.67144
16585,3.07841,1.6989,0.647027,0.094743,0.458563,0.427858,0,1.6804
16585,3.08006,1.69888,0.595979,0.092175,0.446144,0.420868,0,1.70501
16585,3.08171,1.69885,0.608727,0.090778,0.449708,0.424994,0,1.63393
16585,3.08338,1.69883,0.636019,0.089264,0.446074,0.407928,0,1.64731
16585,3.08505,1.69881,0.6553,0.087379,0.445281,0.418345,0,1.65026
16585,3.0867,1.69879,0.611603,0.100203,0.43713,0.408403,0,1.67935
16585,3.08835,1.69876,0.65318,0.088876,0.453824,0.421481,0,1.62804
16585,3.09,1.69874,0.6113,0.087921,0.431799,0.446655,0,1.69217
16585,3.09167,1.69872,0.621808,0.093035,0.442896,0.431707,0,1.65366
16585,3.09333,1.6987,0.621998,0.090718,0.431809,0.437086,0,1.66231
16585,3.09497,1.69866,0.606903,0.087838,0.439535,0.430375,0,1.65047
16585,3.09665,1.69866,0.671011,0.071274,0.441343,0.426286,0,1.63698
16585,3.09831,1.69863,0.632463,0.070223,0.441252,0.429278,0,1.69551
16585,3.09999,1.69862,0.661271,0.069108,0.44504,0.421844,0,1.65225
16585,3.1016,1.69858,0.605674,0.066132,0.455228,0.425088,0,1.67394
16585,3.10329,1.69857,0.666264,0.068327,0.442702,0.427028,0,1.62071
16585,3.10497,1.69856,0.655003,0.086506,0.439423,0.459082,0,1.67317
16585,3.10661,1.69853,0.586123,0.07749,0.435102,0.453648,0,1.71992
16585,3.1083,1.69852,0.642285,0.088196,0.453211,0.432128,0,1.62269
16585,3.10996,1.6985,0.605549,0.091191,0.438968,0.426568,0,1.69456
16585,3.11232,1.69886,0.621797,0.802132,0.471046,0.37933,0,1.63087
16585,3.11337,1.69851,0.02894,0.089963,0.428404,0.429126,0,2.35512
16585,3.11493,1.69844,0.56727,0.073521,0.543531,0.42662,0,1.04222
16585,3.11658,1.69841,0.523239,0.084515,0.446785,0.419264,0,1.68657
16585,3.11825,1.6984,0.628241,0.095183,0.439688,0.428366,0,1.55521
16585,3.11992,1.69838,0.630016,0.095754,0.452923,0.450726,0,1.66382
16585,3.12157,1.69835,0.574587,0.092191,0.442175,0.421667,0,1.71141
16585,3.12325,1.69834,0.657377,0.082957,0.457597,0.431008,0,1.59969
16585,3.12491,1.69832,0.601913,0.08807,0.446943,0.427852,0,1.70928
16585,3.12656,1.6983,0.619925,0.091158,0.453589,0.449958,0,1.63691
16585,3.12822,1.69827,0.599763,0.075923,0.436596,0.427601,0,1.68671
16585,3.12991,1.69827,0.685699,0.076262,0.459677,0.433481,0,1.61041
16585,3.13158,1.69825,0.618131,0.076861,0.44826,0.425591,0,1.7344
16585,3.13321,1.69822,0.59275,0.088038,0.44896,0.459155,0,1.64766
16585,3.1349,1.69821,0.626172,0.074797,0.44808,0.428345,0,1.66319
16585,3.13659,1.69821,0.664598,0.076102,0.441763,0.422058,0,1.65657
16585,3.13821,1.69816,0.580419,0.090982,0.432922,0.418236,0,1.6836
16585,3.13992,1.69817,0.696408,0.09124,0.460604,0.441103,0,1.5999
16585,3.14153,1.69812,0.540463,0.079022,0.444601,0.428106,0,1.76902
16585,3.14325,1.69814,0.694729,0.092574,0.387586,0.427002,0,1.55885
16585,3.14484,1.69808,0.623145,0.077172,0.387218,0.423766,0,1.67733
16585,3.14652,1.69807,0.697086,0.091723,0.435233,0.43452,0,1.58686
16585,3.1482,1.69806,0.664483,0.077407,0.444514,0.429419,0,1.72791
16585,3.14988,1.69805,0.631417,0.090658,0.446389,0.428773,0,1.69564
16585,3.15153,1.69802,0.61433,0.088375,0.436425,0.428646,0,1.66965
16585,3.15316,1.69799,0.615541,0.086923,0.441499,0.417484,0,1.63719
16585,3.15489,1.698,0.709031,0.08883,0.429683,0.410984,0,1.62963
16585,3.15652,1.69797,0.630478,0.088731,0.429507,0.437304,0,1.71497
16585,3.15954,1.69868,1.98489,0.093713,0.441963,0.42352,0,1.65905
16585,3.16062,1.69835,0.033101,0.094629,0.435672,0.426382,0,3.03201
16585,3.16167,1.69799,0.030825,0.080082,0.430244,0.427356,0,1.05781
16585,3.16318,1.69789,0.491405,0.089214,0.447485,0.42655,0,1.04289
16585,3.16481,1.69786,0.612418,0.077659,0.452905,0.428842,0,1.52414
16585,3.16648,1.69784,0.612006,0.090399,0.448111,0.431802,0,1.65603
16585,3.16818,1.69784,0.639186,0.095798,0.454541,0.41907,0,1.66459
16585,3.16981,1.69781,0.582781,0.09279,0.447347,0.429038,0,1.68833
16585,3.17151,1.69781,0.659514,0.095641,0.45228,0.427927,0,1.6217
16585,3.17315,1.69778,0.597593,0.093302,0.461026,0.431578,0,1.70915
16585,3.17482,1.69776,0.603668,0.092536,0.448067,0.436334,0,1.65721
16585,3.17775,1.69842,1.87765,0.103617,0.462372,0.436931,0,1.64989
16585,3.17885,1.6981,0.037482,0.079493,0.438568,0.423607,0,2.9596
16585,3.17989,1.69775,0.031484,0.077925,0.431205,0.425356,0,1.04809
16585,3.18147,1.69769,0.583083,0.075142,0.445562,0.441911,0,1.02962
16585,3.18313,1.69767,0.623761,0.074808,0.443148,0.424226,0,1.62663
16585,3.18477,1.69764,0.601557,0.092152,0.437836,0.422959,0,1.6431
16585,3.18641,1.69761,0.639588,0.075995,0.448718,0.416928,0,1.62007
16585,3.18813,1.69762,0.687979,0.091988,0.444851,0.426282,0,1.64862
16585,3.18982,1.69761,0.652609,0.09308,0.453896,0.432207,0,1.72648
16585,3.19142,1.69756,0.5442,0.089537,0.460981,0.435116,0,1.7102
16585,3.19307,1.69754,0.610871,0.075198,0.444153,0.452752,0,1.60431
16585,3.19626,1.69833,2.13204,0.078194,0.461068,0.420663,0,1.6584
16585,3.19733,1.698,0.036432,0.076691,0.421198,0.483733,0,3.17525
16585,3.19841,1.69767,0.029712,0.077463,0.488624,0.463606,0,1.08057
16585,3.19976,1.69748,0.212779,0.098854,0.456555,0.456938,0,1.14227
16585,3.20139,1.69745,0.553195,0.091444,0.436733,0.431225,0,1.29716
16585,3.20309,1.69745,0.673943,0.094101,0.448797,0.433138,0,1.58546
16585,3.20474,1.69743,0.607195,0.075784,0.455686,0.427702,0,1.72837
16585,3.20643,1.69742,0.639495,0.094005,0.442921,0.431319,0,1.64123
16585,3.20808,1.6974,0.604808,0.092844,0.451727,0.45274,0,1.68857
16585,3.20974,1.69738,0.573588,0.094511,0.448619,0.43447,0,1.68718
16585,3.21138,1.69735,0.590078,0.088533,0.431966,0.528872,0,1.62759
16585,3.21416,1.69792,1.66659,0.091415,0.409643,0.34083,0,1.70582
16585,3.21509,1.69751,0.030724,0.06254,0.345462,0.377151,0,2.58948
16585,3.21637,1.69729,0.435228,0.082878,0.387025,0.332378,0,0.859061
16585,3.21802,1.69727,0.763155,0.087298,0.350311,0.333045,0,1.3187
16585,3.21969,1.69725,0.841054,0.086034,0.341857,0.329234,0,1.58971
16585,3.22135,1.69723,0.856722,0.084107,0.346106,0.344358,0,1.64312
16585,3.22305,1.69724,0.881793,0.086342,0.34301,0.351661,0,1.67548
16585,3.22467,1.6972,0.788621,0.083418,0.335521,0.325559,0,1.71643
16585,3.2264,1.69721,0.926356,0.085585,0.436261,0.416516,0,1.59129
16585,3.22804,1.69718,0.620706,0.084171,0.37771,0.410629,0,1.94065
16585,3.22968,1.69715,0.700553,0.081975,0.403916,0.437828,0,1.56845
16585,3.23131,1.69712,0.652045,0.057184,0.429116,0.420712,0,1.69743
16585,3.23303,1.69713,0.715854,0.08651,0.446242,0.435003,0,1.62709
16585,3.23467,1.6971,0.59095,0.088535,0.445838,0.432752,0,1.76144
16586,3.23632,1.69707,0.614805,0.087935,0.410767,0.403214,0,1.63159
16586,3.23798,1.69705,0.676739,0.086092,0.414314,0.396982,0,1.59609
16586,3.23964,1.69704,0.689525,0.085137,0.412474,0.403589,0,1.65282
16586,3.24132,1.69703,0.704695,0.092708,0.460221,0.4443,0,1.65909
16586,3.24298,1.69701,0.59416,0.080713,0.465719,0.44478,0,1.77571
16586,3.24465,1.69699,0.582122,0.092005,0.456955,0.441778,0,1.66987
16586,3.2463,1.69697,0.579624,0.089899,0.457708,0.448498,0,1.65815
16586,3.248,1.69697,0.631254,0.092501,0.459606,0.435561,0,1.64572
16586,3.24963,1.69693,0.576549,0.080903,0.453493,0.430369,0,1.6962
16586,3.25132,1.69693,0.642367,0.092014,0.456403,0.441102,0,1.61498
16586,3.25299,1.69692,0.60089,0.089109,0.447942,0.424393,0,1.71174
16586,3.25462,1.69688,0.612115,0.06873,0.455102,0.422629,0,1.64166
16586,3.25628,1.69686,0.602109,0.089139,0.444395,0.431779,0,1.64268
16586,3.25794,1.69685,0.644175,0.067367,0.451326,0.425847,0,1.64878
16586,3.25959,1.69682,0.620478,0.070023,0.447812,0.425592,0,1.66302
16586,3.26127,1.69681,0.638643,0.09144,0.451526,0.446293,0,1.64335
16586,3.26296,1.69681,0.629731,0.091395,0.466235,0.443027,0,1.70274
16586,3.2646,1.69678,0.568922,0.071073,0.458828,0.436478,0,1.71392
16586,3.26628,1.69677,0.620706,0.092936,0.453445,0.437471,0,1.61063
16586,3.2679,1.69673,0.453215,0.063582,0.472356,0.462559,0,1.81068
16586,3.26962,1.69674,0.623056,0.094312,0.459184,0.431824,0,1.52435
16586,3.27124,1.6967,0.555675,0.091903,0.457771,0.897395,0,1.68874
16586,3.27291,1.69668,0.143877,0.091833,0.460011,1.07501,0,2.0773
16586,3.27464,1.6967,0.025786,0.091897,0.444805,0.477623,0,1.85119
16586,3.27623,1.69665,0.502456,0.093145,0.438806,0.422587,0,1.1178
16586,3.27789,1.69663,0.628977,0.088966,0.471527,0.431575,0,1.53465
16586,3.27954,1.6966,0.598177,0.070809,0.445497,0.420121,0,1.69304
16586,3.28123,1.6966,0.656852,0.096513,0.446345,0.437408,0,1.60752
16586,3.2829,1.69659,0.631602,0.071489,0.448496,0.457179,0,1.71963
16586,3.28456,1.69657,0.587925,0.092661,0.445402,0.426279,0,1.68217
16586,3.28626,1.69657,0.661328,0.098371,0.458327,0.439892,0,1.62139
16586,3.28788,1.69653,0.541409,0.095282,0.45536,0.43594,0,1.74659
16586,3.28958,1.69653,0.62743,0.097889,0.47075,0.446967,0,1.60947
16586,3.29125,1.69652,0.558197,0.09963,0.498921,0.442368,0,1.73417
16586,3.29284,1.69647,0.498052,0.071726,0.450804,0.42673,0,1.68269
16586,3.29452,1.69646,0.643334,0.090964,0.465377,0.447213,0,1.5174
16586,3.29622,1.69646,0.613057,0.09209,0.472806,0.433462,0,1.72496
16586,3.29786,1.69643,0.556817,0.095962,0.463508,0.44252,0,1.69636
16586,3.29954,1.69642,0.596608,0.090348,0.459767,0.446616,0,1.63895
16586,3.30117,1.69639,0.563468,0.089679,0.459313,0.441006,0,1.6699
16586,3.30284,1.69637,0.596003,0.089222,0.464435,0.440211,0,1.63267
16586,3.3045,1.69635,0.591284,0.088999,0.467516,0.433448,0,1.66537
16586,3.3062,1.69636,0.63426,0.09499,0.448432,0.431158,0,1.65606
16586,3.30786,1.69634,0.610414,0.090289,0.455376,0.444614,0,1.68667
16586,3.3095,1.69631,0.560124,0.090009,0.459058,0.446177,0,1.68428
16586,3.31117,1.6963,0.586914,0.093228,0.365362,0.337714,0,1.64269
16586,3.31283,1.69628,0.811472,0.092644,0.394415,0.441108,0,1.43635
16586,3.3145,1.69626,0.661752,0.096172,0.39338,0.544402,0,1.81577
16586,3.31616,1.69624,0.543541,0.091601,0.397528,0.445386,0,1.7811
16586,3.3178,1.69622,0.628638,0.089329,0.45542,0.449225,0,1.56479
16586,3.31947,1.6962,0.60464,0.082684,0.537946,0.443393,0,1.69529
16586,3.32114,1.69619,0.529346,0.090665,0.451799,0.442995,0,1.73535
16586,3.3228,1.69617,0.607283,0.088003,0.449575,0.438597,0,1.58243
16586,3.32446,1.69615,0.622102,0.08892,0.481866,0.43716,0,1.65185
16586,3.32613,1.69614,0.576181,0.089606,0.442402,0.429231,0,1.71467
16586,3.32778,1.69612,0.617342,0.090458,0.449123,0.429985,0,1.60638
16586,3.32945,1.6961,0.626224,0.091917,0.448496,0.434387,0,1.66137
16586,3.3311,1.69608,0.602169,0.087889,0.434975,0.428105,0,1.67944
16586,3.33279,1.69608,0.666298,0.09041,0.442698,0.436603,0,1.62386
16586,3.33444,1.69605,0.593176,0.08876,0.449576,0.436171,0,1.71842
16586,3.33611,1.69604,0.610435,0.096247,0.44556,0.440157,0,1.64488
16586,3.33776,1.69602,0.609138,0.082651,0.459413,0.446561,0,1.66853
16586,3.33943,1.696,0.595456,0.094196,0.474819,0.460637,0,1.66938
16586,3.34115,1.69601,0.611505,0.093472,0.45359,0.439188,0,1.70453
16586,3.34275,1.69597,0.536815,0.093842,0.472513,0.460131,0,1.67981
16586,3.34441,1.69595,0.556569,0.091689,0.460596,0.88096,0,1.63793
16586,3.34609,1.69594,0.16369,0.098762,0.468802,0.466089,0,2.06207
16586,3.34775,1.69592,0.561032,0.093992,0.459217,0.436788,0,1.26796
16586,3.34941,1.6959,0.592936,0.09265,0.472464,0.430013,0,1.62987
16586,3.35109,1.6959,0.612653,0.091756,0.437585,0.44942,0,1.66817
16586,3.35275,1.69588,0.600149,0.087681,0.379957,0.421207,0,1.6728
16586,3.35439,1.69585,0.645214,0.08632,0.430661,0.44185,0,1.59731
16586,3.35606,1.69583,0.635675,0.084484,0.431431,0.42158,0,1.67524
16586,3.35778,1.69585,0.701461,0.095257,0.442228,0.427815,0,1.64528
16586,3.35942,1.69582,0.605286,0.087941,0.434698,0.424522,0,1.74608
16586,3.36104,1.69578,0.599294,0.088415,0.446885,0.424861,0,1.62156
16586,3.3627,1.69576,0.62669,0.088751,0.449189,0.425369,0,1.6359
16586,3.36435,1.69574,0.62602,0.084304,0.463721,0.430201,0,1.65806
16586,3.36604,1.69574,0.62504,0.097775,0.446714,0.477023,0,1.67002
16586,3.36773,1.69573,0.6068,0.090276,0.462995,0.43765,0,1.71656
16586,3.36939,1.69572,0.586145,0.092583,0.449696,999000,0,1.68269
16586,3.37104,1.69569,0.571783,0.090635,0.451303,0.43069,0,999002
16586,3.3727,1.69568,0.612409,0.089284,0.441884,0.428602,0,1.61892
16586,3.37435,1.69565,0.611143,0.093033,0.453649,0.431862,0,1.64656
16586,3.37603,1.69565,0.646658,0.082895,0.461429,0.438791,0,1.66093
16586,3.37771,1.69564,0.603959,0.091486,0.469053,0.433361,0,1.7067
16586,3.37934,1.6956,0.556326,0.090843,0.471493,0.42251,0,1.67631
16586,3.38099,1.69558,0.602928,0.086362,0.439156,0.417454,0,1.61323
16586,3.38265,1.69556,0.642858,0.08481,0.439252,0.419173,0,1.622
16586,3.38435,1.69557,0.683441,0.084443,0.387929,0.421913,0,1.66131
16586,3.38599,1.69554,0.664609,0.086887,0.436254,0.428567,0,1.65209
16586,3.38767,1.69553,0.646342,0.087681,0.434561,0.424947,0,1.69544
16586,3.38932,1.69551,0.646461,0.082692,0.466439,0.446337,0,1.66161
16586,3.39097,1.69548,0.574498,0.088535,0.464679,0.447161,0,1.71041
16586,3.39264,1.69547,0.595047,0.090592,0.459506,0.433012,0,1.64627
16586,3.39434,1.69547,0.636262,0.092705,0.467536,0.43626,0,1.65855
16586,3.39596,1.69544,0.548464,0.091098,0.456312,0.442135,0,1.7128
16586,3.39762,1.69542,0.607989,0.081309,0.461389,0.436771,0,1.60757
16586,3.39929,1.69541,0.614888,0.086851,0.521806,0.441049,0,1.65583
16586,3.40095,1.69539,0.533079,0.090676,0.461742,0.428592,0,1.73893
16586,3.40262,1.69538,0.615757,0.089145,0.462458,0.438806,0,1.58821
16586,3.40428,1.69536,0.59588,0.091458,0.458871,0.436308,0,1.68246
16586,3.40596,1.69535,0.621998,0.088891,0.45709,0.430245,0,1.65192
16586,3.40761,1.69533,0.583681,0.10517,0.44036,0.4282,0,1.67469
16586,3.4093,1.69532,0.66213,0.088496,0.446432,0.437828,0,1.62103
16586,3.41093,1.69529,0.594847,0.085809,0.447228,0.431591,0,1.70596
16586,3.41261,1.69528,0.616369,0.107119,0.465887,0.446333,0,1.63195
16586,3.41426,1.69526,0.569148,0.097383,0.464042,0.443561,0,1.71129
16586,3.41594,1.69526,0.602435,0.091507,0.452891,0.434115,0,1.65358
16586,3.4176,1.69524,0.62379,0.083661,0.358885,0.429842,0,1.64773
16586,3.41925,1.69522,0.72108,0.092752,0.46513,0.438828,0,1.54062
16586,3.42091,1.6952,0.580562,0.091973,0.45803,0.444339,0,1.79557
16586,3.42258,1.69519,0.609987,0.095949,0.449252,0.430086,0,1.64316
16586,3.42424,1.69517,0.603407,0.092036,0.450448,0.444806,0,1.66849
16586,3.4259,1.69515,0.603954,0.091461,0.723563,0.431361,0,1.66249
16586,3.42757,1.69514,0.345075,0.093697,0.448144,0.431762,0,1.92409
16586,3.42931,1.69516,0.691545,0.097429,0.476125,0.45745,0,1.39269
16586,3.43093,1.69512,0.506011,0.096201,0.475868,0.44935,0,1.80075
16586,3.43255,1.69509,0.523148,0.095512,0.461551,0.439396,0,1.60545
16586,3.43428,1.6951,0.660387,0.095112,0.465514,0.46321,0,1.59
16586,3.438,1.69611,2.62645,0.098726,0.503123,0.439798,0,1.75799
16586,3.43915,1.69583,0.033227,0.079516,0.456197,0.437826,0,3.75525
16586,3.44023,1.69553,0.035037,0.078987,0.439946,0.426989,0,1.07656
16586,3.44127,1.69521,0.034012,0.078394,0.440565,0.433695,0,1.04446
16586,3.44252,1.69499,0.239086,0.080072,0.388537,0.427468,0,1.04688
16586,3.44424,1.695,0.738813,0.096511,0.392583,0.431034,0,1.1981
16586,3.44588,1.69497,0.657063,0.095104,0.417721,0.438208,0,1.73063
16586,3.44755,1.69496,0.645892,0.095569,0.449638,0.431814,0,1.6794
16586,3.44922,1.69495,0.621199,0.095856,0.444933,0.438573,0,1.6925
16586,3.45092,1.69495,0.644138,0.092903,0.44423,0.427411,0,1.67402
16586,3.45274,1.69501,0.599343,0.275003,0.453788,0.44212,0,1.68298
16586,3.45455,1.69507,0.755759,0.081519,0.46288,0.432104,0,1.84929
16586,3.45583,1.69487,0.229141,0.086042,0.447226,0.428771,0,1.80831
16586,3.45753,1.69487,0.650974,0.089522,0.454405,0.441429,0,1.26621
16586,3.45915,1.69483,0.570915,0.088569,0.445631,0.431856,0,1.70441
16586,3.46085,1.69483,0.665286,0.090032,0.444035,0.419219,0,1.60448
16586,3.46251,1.69482,0.631245,0.08812,0.436642,0.417449,0,1.6945
16586,3.46417,1.6948,0.63492,0.086411,0.434809,0.410603,0,1.66246
16586,3.46583,1.69478,0.656642,0.086533,0.44283,0.41591,0,1.63364
16586,3.4675,1.69477,0.653812,0.085354,0.434058,0.416463,0,1.67216
16586,3.46916,1.69475,0.656816,0.086021,0.432935,0.427189,0,1.65587
16586,3.47081,1.69473,0.646354,0.077183,0.445703,0.417859,0,1.67304
16586,3.47243,1.6947,0.627961,0.072134,0.436401,0.420004,0,1.64706
16586,3.47414,1.6947,0.689689,0.095587,0.447448,0.43124,0,1.6173
16586,3.47582,1.6947,0.64019,0.093994,0.453123,0.429906,0,1.73616
16586,3.47744,1.69466,0.573354,0.092947,0.454746,0.43554,0,1.68846
16586,3.47917,1.69467,0.674321,0.091782,0.444919,0.434498,0,1.62377
16586,3.48081,1.69465,0.593477,0.094254,0.449824,0.437003,0,1.71673
16586,3.48246,1.69463,0.605868,0.090619,0.429368,0.418671,0,1.64874
16586,3.48413,1.69462,0.660884,0.089986,0.429428,0.418569,0,1.61529
16586,3.48579,1.6946,0.655456,0.090219,0.453773,0.433869,0,1.66656
16586,3.48742,1.69457,0.58052,0.089619,0.434335,0.509493,0,1.70283
16586,3.49017,1.69508,1.64481,0.09715,0.398024,0.32692,0,1.67457
16586,3.49107,1.6947,0.028625,0.077997,0.341457,0.350757,0,2.54068
16586,3.49241,1.69452,0.527513,0.079516,0.727966,0.443202,0,0.837291
16586,3.49409,1.69452,0.360184,0.077549,0.45018,0.442625,0,1.84942
16586,3.4958,1.69452,0.6493,0.09266,0.4519,0.429931,0,1.40492
16586,3.49741,1.69448,0.585798,0.071506,0.449828,0.437146,0,1.69646
16586,3.49909,1.69448,0.630484,0.092583,0.460451,0.412893,0,1.61415
16586,3.50074,1.69445,0.628277,0.068583,0.440452,0.422853,0,1.67071
16586,3.50245,1.69446,0.693402,0.091789,0.43626,0.419225,0,1.62831
16586,3.50406,1.69442,0.608091,0.06812,0.43963,0.418705,0,1.71146
16586,3.50573,1.69441,0.665724,0.088717,0.465891,0.451509,0,1.59732
16586,3.50737,1.69438,0.581896,0.076764,0.445916,0.515585,0,1.73456
16586,3.50905,1.69437,0.577212,0.070964,0.452938,0.433149,0,1.68515
16586,3.51071,1.69436,0.615167,0.089801,0.45322,0.426262,0,1.60462
16586,3.51239,1.69435,0.662104,0.074183,0.460596,0.440843,0,1.64954
16586,3.51405,1.69434,0.605341,0.081051,0.45792,0.432478,0,1.71294
16586,3.51602,1.69447,0.929394,0.075977,0.460687,0.43996,0,1.65051
16586,3.51736,1.69429,0.277745,0.081772,0.449127,0.428221,0,1.98025
16586,3.51905,1.69429,0.652332,0.090109,0.431803,0.421424,0,1.31006
16586,3.52075,1.6943,0.683347,0.091993,0.437651,0.422337,0,1.66813
16586,3.52239,1.69427,0.615891,0.096791,0.443855,0.413207,0,1.70462
16586,3.52406,1.69426,0.638745,0.095453,2.1775,0.374231,0,1.64113
16586,3.52681,1.69477,0.030762,0.097542,0.361376,0.41377,0,3.35888
16586,3.52774,1.6944,0.03167,0.077637,0.397088,0.331531,0,0.954136
16586,3.52898,1.69418,0.37047,0.077936,0.314183,0.357856,0,0.901739
16586,3.53066,1.69418,0.869204,0.093537,0.31025,0.342553,0,1.16543
16586,3.53232,1.69416,0.862861,0.093216,0.350198,0.338789,0,1.665
16586,3.53399,1.69415,0.827346,0.093154,0.456252,0.446253,0,1.70289
16586,3.53567,1.69414,0.623522,0.076082,0.455985,0.449595,0,1.90329
16586,3.53734,1.69413,0.597162,0.091385,0.443874,0.424691,0,1.68136
16586,3.53903,1.69413,0.659519,0.089375,0.446448,0.427445,0,1.62615
16586,3.54064,1.69409,0.575099,0.089391,0.453382,0.428793,0,1.69359
16586,3.5423,1.69407,0.63253,0.079623,0.468871,0.450939,0,1.61693
16586,3.544,1.69407,0.615032,0.090708,0.46265,0.431162,0,1.70219
16586,3.54567,1.69406,0.608905,0.093007,0.468332,0.445521,0,1.67222
16586,3.54733,1.69404,0.576543,0.095022,0.46718,0.437099,0,1.68969
16586,3.54899,1.69403,0.58724,0.092482,0.45787,0.428933,0,1.65056
16586,3.55065,1.69401,0.610238,0.091693,0.445918,0.437427,0,1.64002
16586,3.55229,1.69399,0.588621,0.095813,0.465573,0.440815,0,1.65785
16586,3.55394,1.69397,0.581043,0.090908,0.46274,0.454182,0,1.66536
16586,3.55564,1.69397,0.619642,0.092289,0.442422,0.430437,0,1.65823
16586,3.55733,1.69397,0.651479,0.092233,0.449269,0.432652,0,1.65853
16586,3.55897,1.69394,0.597714,0.090685,0.437802,0.423447,0,1.69714
16586,3.56059,1.69391,0.604743,0.079326,0.451566,0.4242,0,1.62098
16586,3.56226,1.6939,0.658677,0.070239,0.465988,0.433155,0,1.62799
16586,3.56396,1.6939,0.626353,0.103523,0.46195,0.436909,0,1.70028
16586,3.56556,1.69385,0.550557,0.074433,0.463304,0.43919,0,1.7044
16586,3.56725,1.69385,0.618621,0.090133,0.45067,0.436148,0,1.59914
16586,3.56891,1.69384,0.620836,0.091056,0.452352,0.444767,0,1.66418
16586,3.57061,1.69384,0.639731,0.094301,0.462847,0.435862,0,1.67665
16586,3.57224,1.69381,0.554073,0.095691,0.454698,0.426593,0,1.70969
16586,3.57392,1.6938,0.63567,0.091913,0.454892,0.431898,0,1.60541
16586,3.57557,1.69378,0.597206,0.092549,0.457347,0.431435,0,1.68099
16586,3.57722,1.69376,0.604113,0.094609,0.575971,2.18361,0,1.65037
16586,3.58017,1.69436,0.031061,0.08677,0.441131,0.422234,0,3.5291
16586,3.58123,1.69405,0.035584,0.078483,0.427296,0.429489,0,1.05741
16586,3.58226,1.69374,0.033032,0.07584,0.42517,0.421491,0,1.03418
16586,3.5839,1.69372,0.645484,0.090461,0.428516,0.413436,0,1.01852
16586,3.58553,1.69369,0.638726,0.088869,0.458421,0.418444,0,1.64042
16586,3.58726,1.6937,0.688823,0.092289,0.460801,0.446121,0,1.67071
16586,3.5889,1.69367,0.563107,0.093163,0.442536,0.428052,0,1.76212
16586,3.59053,1.69364,0.590111,0.094093,0.459909,0.435699,0,1.60351
16586,3.59219,1.69363,0.601331,0.093307,0.466049,0.429944,0,1.65102
16586,3.59385,1.69361,0.600419,0.091157,0.440058,0.454011,0,1.6653
16586,3.59554,1.69362,0.640588,0.091069,0.479535,0.439372,0,1.65434
16586,3.59721,1.6936,0.570538,0.09848,0.451049,0.435725,0,1.72772
16586,3.59887,1.69359,0.607322,0.093772,0.466167,0.432463,0,1.63051
16586,3.6005,1.69356,0.55617,0.091022,0.457557,0.429021,0,1.68188
16586,3.60217,1.69355,0.619186,0.093525,0.454049,0.442942,0,1.60517
16586,3.60382,1.69352,0.600876,0.085579,0.47382,0.443673,0,1.67542
16586,3.60549,1.69351,0.585309,0.086913,0.453764,0.449504,0,1.67828
16586,3.60716,1.6935,0.607179,0.090007,0.454731,0.43362,0,1.64504
16586,3.60886,1.6935,0.657885,0.091873,0.446161,0.443887,0,1.64954
16586,3.61051,1.69349,0.599951,0.088174,0.440536,0.418717,0,1.71569
16586,3.61217,1.69347,0.64013,0.088636,0.439579,0.424491,0,1.61715
16586,3.61401,1.69354,0.647369,0.263116,0.385279,0.419634,0,1.65937
16586,3.61549,1.69344,0.501976,0.085665,0.385922,0.418848,0,1.80307
16586,3.61717,1.69343,0.712925,0.091693,0.448633,0.444419,0,1.46243
16586,3.61883,1.69342,0.607774,0.091013,0.445666,0.434817,0,1.76789
16586,3.6205,1.6934,0.615522,0.090625,0.444818,0.434068,0,1.65542
16586,3.62213,1.69337,0.589859,0.089042,0.453069,0.441364,0,1.65657
16586,3.62382,1.69337,0.63572,0.093348,0.44899,0.432786,0,1.64475
16586,3.62548,1.69336,0.605455,0.093071,0.444254,0.43163,0,1.68697
16586,3.62714,1.69334,0.626175,0.091414,0.442169,0.429301,0,1.64614
16586,3.6288,1.69333,0.634477,0.087953,0.453655,0.432769,0,1.65763
16586,3.63043,1.6933,0.579697,0.088639,0.426908,0.435195,0,1.68165
16586,3.63209,1.69328,0.657999,0.077687,0.433766,0.415741,0,1.59314
16586,3.63383,1.6933,0.723616,0.09392,0.455697,0.433217,0,1.65176
16586,3.63549,1.69329,0.59448,0.095998,0.458762,0.434035,0,1.79317
16586,3.63715,1.69327,0.590166,0.09406,0.454842,0.442112,0,1.65954
16586,3.63875,1.69323,0.540322,0.093786,0.449658,0.481795,0,1.65161
16586,3.64042,1.69322,0.587364,0.088986,0.467371,0.431847,0,1.63325
16586,3.64209,1.69321,0.598568,0.100082,0.447308,0.430164,0,1.64534
16586,3.64375,1.69319,0.620719,0.094324,0.44565,0.428744,0,1.63897
16586,3.64541,1.69318,0.631283,0.095489,0.445276,0.430663,0,1.65141
16586,3.64706,1.69316,0.62119,0.089816,0.43354,0.42032,0,1.66627
16586,3.64875,1.69316,0.686089,0.0928,0.433582,0.439082,0,1.62549
16586,3.65038,1.69313,0.613975,0.080039,0.438201,0.420841,0,1.71181
16586,3.6521,1.69314,0.691241,0.095003,0.456053,0.437541,0,1.62016
16586,3.65375,1.69312,0.598019,0.092117,0.454662,0.442258,0,1.75474
16586,3.65544,1.69312,0.624628,0.094133,0.507871,0.43316,0,1.66145
16586,3.65705,1.69308,0.501876,0.09175,0.466773,0.455213,0,1.73267
16586,3.65875,1.69308,0.606261,0.086675,0.456383,0.441881,0,1.59502
16586,3.66037,1.69305,0.568177,0.086528,0.452745,0.442971,0,1.66125
16586,3.66201,1.69302,0.604332,0.07153,0.445439,0.446518,0,1.61836
16586,3.66374,1.69304,0.67387,0.090723,0.447832,0.442444,0,1.64053
16586,3.6654,1.69302,0.617691,0.08833,0.448578,0.447649,0,1.71658
16586,3.66702,1.69299,0.567722,0.089973,0.455216,0.484521,0,1.66861
16586,3.66868,1.69298,0.583067,0.078804,0.457,0.477282,0,1.66008
16586,3.67039,1.69298,0.612011,0.093647,0.45838,0.433978,0,1.66639
16586,3.67204,1.69296,0.586637,0.090544,0.44877,0.429248,0,1.67679
16586,3.6737,1.69295,0.623128,0.091847,0.458294,0.437021,0,1.62602
16586,3.67534,1.69292,0.587458,0.072882,0.479543,0.429445,0,1.68938
16586,3.677,1.69291,0.590571,0.096395,0.454869,0.426205,0,1.63872
16586,3.67872,1.69292,0.662332,0.09805,0.456584,0.436903,0,1.63888
16586,3.6804,1.69292,0.625877,0.089897,0.461513,0.428488,0,1.72853
16586,3.68199,1.69287,0.553119,0.071911,0.466201,0.449172,0,1.68327
16586,3.68367,1.69286,0.597607,0.075462,0.472021,0.436525,0,1.62606
16586,3.68533,1.69285,0.594926,0.075318,0.521177,0.45665,0,1.65991
16586,3.68697,1.69283,0.510203,0.087294,0.434053,0.436417,0,1.72341
16586,3.68867,1.69283,0.645494,0.094227,0.466137,0.446802,0,1.54958
16586,3.69035,1.69282,0.598331,0.093601,0.461098,0.441512,0,1.73391
16586,3.69222,1.6929,0.786179,0.10035,0.462394,0.441783,0,1.67195
16586,3.69363,1.69277,0.34921,0.082406,0.455151,0.425073,0,1.86234
16586,3.69534,1.69278,0.656224,0.092824,0.443506,0.429469,0,1.39427
16586,3.69695,1.69274,0.576603,0.089652,0.437384,0.423294,0,1.69821
16586,3.69861,1.69273,0.635013,0.08931,0.389129,0.425364,0,1.60029
16586,3.70027,1.69271,0.682366,0.08843,0.38467,0.433883,0,1.61363
16586,3.70196,1.69271,0.710852,0.089969,0.43309,0.432665,0,1.65861
16586,3.70361,1.69269,0.611573,0.088838,0.451572,0.432661,0,1.74273
16586,3.70531,1.69269,0.643548,0.098068,0.455354,0.44091,0,1.66004
16586,3.70693,1.69266,0.561761,0.08999,0.451532,0.436329,0,1.71378
16586,3.70859,1.69265,0.610372,0.089392,0.444037,0.433434,0,1.61614
16586,3.71027,1.69264,0.625982,0.100573,0.436393,0.427104,0,1.65269
16586,3.71193,1.69262,0.618746,0.094814,0.435018,0.418982,0,1.66486
16586,3.71359,1.69261,0.641628,0.094688,0.45123,0.432467,0,1.63907
16586,3.71526,1.6926,0.612457,0.102803,0.432834,0.426114,0,1.69071
16586,3.71691,1.69258,0.625942,0.091206,0.458633,0.439568,0,1.64719
16586,3.71858,1.69257,0.607231,0.095253,0.482814,0.437518,0,1.68808
16586,3.72024,1.69256,0.568415,0.09218,0.464789,0.430562,0,1.69799
16586,3.72189,1.69254,0.614882,0.079591,0.473746,0.450426,0,1.62461
16586,3.72363,1.69256,0.638282,0.100062,0.451816,0.430173,0,1.69127
16586,3.72525,1.69253,0.578912,0.08626,0.469268,0.448109,0,1.69395
16586,3.72689,1.6925,0.553167,0.091489,1.13635,0.377724,0,1.65658
16586,3.7286,1.69251,0.02926,0.092402,0.448138,0.435235,0,2.23519
16586,3.73026,1.6925,0.57568,0.125805,0.44317,0.447895,0,1.07859
16586,3.73192,1.69248,0.595179,0.099405,0.451256,0.434713,0,1.67009
16586,3.73356,1.69246,0.570825,0.108452,0.467415,0.418767,0,1.65129
16586,3.73528,1.69247,0.665727,0.098833,0.445682,0.43184,0,1.63941
16586,3.73688,1.69243,0.542032,0.109467,0.437231,0.424718,0,1.71421
16586,3.73857,1.69243,0.647864,0.10059,0.44216,0.427721,0,1.58882
16586,3.74018,1.69239,0.585267,0.076441,0.434176,0.419883,0,1.70213
16586,3.74186,1.69238,0.664827,0.088477,0.468629,0.472628,0,1.57897
16586,3.74355,1.69238,0.569684,0.09008,0.461039,0.441476,0,1.78731
16586,3.74541,1.69246,0.564645,0.32206,0.447831,0.432432,0,1.63532
16586,3.74687,1.69235,0.410918,0.091795,0.454345,0.428802,0,1.84444
16586,3.74853,1.69234,0.610472,0.095617,0.43794,0.424364,0,1.45912
16586,3.75023,1.69234,0.662468,0.099641,0.439384,0.418993,0,1.64112
16586,3.75183,1.6923,0.575664,0.090553,0.430317,0.423219,0,1.69228
16586,3.7535,1.69229,0.651548,0.091996,0.433136,0.42947,0,1.59048
16586,3.75516,1.69228,0.637962,0.091313,0.443431,0.416562,0,1.67621
16586,3.75684,1.69227,0.65754,0.089925,0.437076,0.955449,0,1.66201
16586,3.75846,1.69224,0.094856,0.055942,0.454322,1.07121,0,2.2123
16586,3.76017,1.69225,0.027986,0.091436,0.444261,0.477288,0,1.74801
16586,3.76181,1.69222,0.55329,0.092271,0.497829,0.443966,0,1.11126
16586,3.76351,1.69222,0.587446,0.095111,0.461735,0.436156,0,1.66166
16586,3.76513,1.6922,0.559282,0.09358,0.460982,0.441241,0,1.65522
16586,3.7668,1.69219,0.598021,0.097228,0.450065,0.42824,0,1.62827
16586,3.76849,1.69218,0.64149,0.094354,0.468624,0.438151,0,1.6486
16586,3.77016,1.69217,0.587232,0.092789,0.464276,0.433627,0,1.7191
16586,3.77183,1.69216,0.611453,0.093788,0.458037,0.424669,0,1.64507
16586,3.77344,1.69213,0.571066,0.090913,0.463748,0.45649,0,1.66003
16586,3.77515,1.69213,0.636327,0.083183,0.521222,0.452842,0,1.64796
16586,3.77679,1.69211,0.513523,0.075693,0.463663,0.433984,0,1.77486
16586,3.77845,1.6921,0.58884,0.095113,0.462269,0.444448,0,1.55975
16586,3.78038,1.6922,0.851224,0.098159,0.467992,0.43983,0,1.66321
16586,3.78175,1.69206,0.318266,0.066223,0.459379,0.430005,0,1.93636
16586,3.78343,1.69205,0.618699,0.09008,0.391655,0.421901,0,1.35421
16586,3.78509,1.69204,0.681729,0.091822,0.387655,0.428854,0,1.59756
16586,3.78678,1.69204,0.711506,0.089981,0.403996,0.430555,0,1.66201
16586,3.78846,1.69203,0.672066,0.096102,0.463019,0.431721,0,1.71091
16586,3.79011,1.69201,0.585413,0.095157,0.455706,0.427973,0,1.73965
16586,3.79177,1.692,0.615295,0.089542,0.454303,0.433865,0,1.63132
16586,3.79338,1.69196,0.599309,0.060378,0.473851,0.472722,0,1.66091
16586,3.7951,1.69197,0.607596,0.090652,0.455284,0.432293,0,1.67632
16586,3.79676,1.69196,0.626352,0.074671,0.462797,0.458141,0,1.6574
16586,3.79841,1.69194,0.556732,0.095711,0.462852,0.435051,0,1.69814
16586,3.80007,1.69193,0.601872,0.088523,0.455819,0.434012,0,1.62662
16586,3.80175,1.69192,0.636176,0.085688,0.455241,0.433166,0,1.64822
16586,3.80338,1.6919,0.588421,0.088386,0.522467,0.433212,0,1.67444
16586,3.80508,1.6919,0.580897,0.088066,0.452062,0.435724,0,1.70855
16586,3.80672,1.69188,0.590793,0.085899,0.444304,0.427064,0,1.62824
16586,3.80842,1.69188,0.676302,0.087534,0.445436,0.425318,0,1.61605
16586,3.81007,1.69186,0.603581,0.094058,0.471611,0.434435,0,1.71071
16586,3.81172,1.69184,0.580357,0.09556,0.449544,0.43939,0,1.67532
16586,3.81339,1.69183,0.615427,0.090457,0.467574,0.451012,0,1.6372
16586,3.81518,1.69188,0.556755,0.243188,0.460279,0.440109,0,1.69957
16586,3.81666,1.69178,0.43282,0.069772,0.449631,0.424314,0,1.77753
16586,3.81838,1.69179,0.678295,0.091633,0.465215,0.433229,0,1.44641
16586,3.82002,1.69177,0.604976,0.073431,0.461875,0.42808,0,1.738
16586,3.82171,1.69177,0.632367,0.090611,0.465408,0.434585,0,1.64152
16586,3.82341,1.69177,0.635956,0.090991,0.455682,0.430083,0,1.69301
16586,3.82507,1.69176,0.612875,0.089773,0.45377,0.42712,0,1.68356
16586,3.82667,1.69172,0.551446,0.092932,0.451512,0.427213,0,1.65681
16586,3.82845,1.69176,0.711705,0.080999,0.450821,1.07626,0,1.63581
16586,3.83018,1.69178,0.033763,0.102712,0.457789,0.450861,0,2.39045
16586,3.83166,1.69168,0.400299,0.090426,0.447103,0.432762,0,1.11901
16586,3.83331,1.69167,0.611725,0.096631,0.442701,0.432411,0,1.43866
16586,3.83499,1.69166,0.635102,0.098146,0.451239,0.440132,0,1.64788
16586,3.83687,1.69174,0.639884,0.288577,0.467915,0.441754,0,1.69175
16586,3.83833,1.69164,0.390261,0.086641,0.4553,0.434718,0,1.91347
16586,3.84,1.69163,0.609563,0.094521,0.452772,0.457172,0,1.44039
16586,3.84166,1.69162,0.587317,0.092579,0.458139,0.432327,0,1.68308
16586,3.84329,1.69159,0.566546,0.096981,0.473994,0.453989,0,1.6452
16586,3.84499,1.69159,0.603626,0.093868,0.479936,0.451288,0,1.6692
16586,3.84661,1.69156,0.536293,0.078752,0.470939,0.470931,0,1.70253
16586,3.84829,1.69156,0.591547,0.0754,0.47286,0.453864,0,1.62457
16586,3.84995,1.69154,0.562401,0.091447,0.464392,0.436023,0,1.66855
16586,3.85159,1.69152,0.601337,0.072449,0.456504,0.434107,0,1.62307
16586,3.8533,1.69153,0.621733,0.119859,0.462775,0.449894,0,1.63892
16586,3.85496,1.69152,0.592731,0.090756,0.462027,0.432465,0,1.7259
16586,3.85659,1.69149,0.565301,0.087361,0.444448,0.433203,0,1.65271
16586,3.85824,1.69147,0.634103,0.071537,0.462496,0.431845,0,1.59695
16586,3.8599,1.69146,0.626638,0.071169,0.457367,0.430038,0,1.67363
16586,3.86159,1.69145,0.629617,0.092833,0.507113,0.515261,0,1.66004
16586,3.86469,1.69207,1.91466,0.097477,0.470067,0.440455,0,1.81432
16586,3.8658,1.69182,0.034364,0.081271,0.450236,0.437923,0,3.00855
16586,3.86687,1.69155,0.031756,0.081511,0.443931,0.42839,0,1.07409
16586,3.86823,1.6914,0.331613,0.079381,0.387613,0.423755,0,1.05602
16586,3.8699,1.69139,0.698535,0.091292,0.342853,0.424637,0,1.29322
16586,3.87156,1.69138,0.733719,0.089954,0.314689,0.34921,0,1.62251
16586,3.87322,1.69136,0.853964,0.088936,0.349678,0.342295,0,1.53995
16586,3.87491,1.69136,0.863894,0.086017,0.345044,0.337615,0,1.68077
16586,3.87654,1.69133,0.814579,0.086117,0.352859,0.330751,0,1.68336
16586,3.87821,1.69133,0.848783,0.087556,0.346093,0.333636,0,1.63481
16586,3.8799,1.69133,0.865776,0.087148,0.35423,0.33469,0,1.67843
16586,3.88216,1.69157,1.43101,0.083701,0.377161,0.332723,0,1.69264
16586,3.88368,1.6915,0.029192,0.087814,0.357762,0.33212,0,2.91407
16586,3.88485,1.69127,0.35239,0.078933,0.353324,0.336031,0,0.85787
16586,3.88655,1.69128,0.877389,0.088753,0.349095,0.381454,0,1.16656
16586,3.88835,1.69132,0.768392,0.246667,0.361282,0.339407,0,1.75227
16586,3.88986,1.69124,0.66082,0.089215,0.468702,0.440735,0,1.76954
16586,3.89155,1.69124,0.609965,0.091815,0.444425,0.42571,0,1.74114
16586,3.89317,1.69121,0.571684,0.085745,0.445612,0.422198,0,1.66709
16586,3.89484,1.6912,0.644431,0.086446,0.443989,0.427601,0,1.59369
16586,3.89649,1.69119,0.628915,0.085359,0.431271,0.41906,0,1.67182
16586,3.89816,1.69118,0.667917,0.07987,0.450431,0.413412,0,1.63252
16586,3.89983,1.69117,0.632169,0.089818,0.454513,0.429594,0,1.69548
16586,3.90149,1.69115,0.611284,0.08835,0.455748,0.448925,0,1.6859
16586,3.90317,1.69115,0.616787,0.088204,0.348453,0.351432,0,1.67459
16586,3.90483,1.69113,0.811349,0.089067,0.453938,0.440361,0,1.45744
16587,3.90648,1.69112,0.599908,0.089287,0.442209,0.4324,0,1.87007
16587,3.90819,1.69112,0.660619,0.092375,0.445996,0.430913,0,1.63654
16587,3.90988,1.69112,0.643081,0.091396,0.455591,0.438502,0,1.7083
16587,3.91151,1.6911,0.564415,0.091324,0.466689,0.420423,0,1.70923
16587,3.91319,1.69109,0.634565,0.086884,0.441551,0.431044,0,1.61571
16587,3.91483,1.69107,0.605496,0.08722,0.440511,0.420893,0,1.67014
16587,3.91789,1.69166,2.0126,0.107209,0.45399,0.463062,0,1.63017
16587,3.919,1.69141,0.034582,0.079847,0.441679,0.445289,0,3.11653
16587,3.92006,1.69114,0.034186,0.079975,0.439505,0.431108,0,1.06654
16587,3.92143,1.691,0.360346,0.063449,0.449341,0.461285,0,1.05136
16587,3.92309,1.69099,0.61689,0.070278,0.451151,0.427931,0,1.40537
16587,3.92479,1.69099,0.667803,0.073551,0.454432,0.441333,0,1.64198
16587,3.92647,1.69099,0.619505,0.088063,0.454793,0.43089,0,1.7165
16587,3.92811,1.69096,0.568954,0.096806,0.44983,0.430748,0,1.67407
16587,3.9298,1.69096,0.638991,0.094379,0.452214,0.434758,0,1.6252
16587,3.93143,1.69094,0.562531,0.092182,0.438912,0.421152,0,1.70652
16587,3.93312,1.69094,0.662889,0.093909,0.442568,0.4514,0,1.59161
16587,3.9361,1.69149,1.88541,0.120174,0.46288,0.440155,0,1.73281
16587,3.93718,1.69123,0.035593,0.0624,0.445998,0.438549,0,2.98756
16587,3.93823,1.69095,0.031905,0.060859,0.44498,0.440355,0,1.05019
16587,3.93974,1.69087,0.469634,0.085109,0.45423,0.435902,0,1.04874
16587,3.94142,1.69087,0.648131,0.072395,0.451252,0.443476,0,1.51357
16587,3.94308,1.69086,0.612825,0.072025,0.455823,0.436742,0,1.69505
16587,3.94475,1.69085,0.610633,0.08607,0.44096,0.423724,0,1.65877
16587,3.94644,1.69085,0.659047,0.090624,0.440394,0.4152,0,1.63353
16587,3.94809,1.69083,0.628248,0.091331,0.429253,0.411753,0,1.68801
16587,3.94975,1.69082,0.636615,0.091672,0.438944,0.418611,0,1.64486
16587,3.95141,1.69081,0.638411,0.092288,0.425138,0.421335,0,1.66564
16587,3.9531,1.6908,0.671682,0.09163,0.437362,0.424299,0,1.65227
16587,3.9547,1.69076,0.566263,0.090027,0.372556,0.414824,0,1.70573
16587,3.95638,1.69076,0.738017,0.08837,0.374703,0.421536,0,1.51504
16587,3.95802,1.69074,0.68177,0.084743,0.424413,0.422703,0,1.69845
16587,3.95972,1.69074,0.679048,0.089993,0.435435,0.425577,0,1.69125
16587,3.96137,1.69073,0.630926,0.089598,0.422395,0.43311,0,1.70351
16587,3.96302,1.69071,0.628934,0.090236,0.431498,0.424998,0,1.64578
16587,3.96471,1.69071,0.677436,0.089342,0.432116,0.416889,0,1.64881
16587,3.96635,1.69069,0.6173,0.093114,0.432845,0.436182,0,1.69719
16587,3.96801,1.69067,0.636435,0.084414,0.440678,0.43338,0,1.65067
16587,3.9697,1.69067,0.656919,0.088279,0.463905,0.426942,0,1.66327
16587,3.97134,1.69065,0.571621,0.090971,0.444432,0.435541,0,1.71693
16587,3.97302,1.69065,0.647626,0.090731,0.464482,0.423268,0,1.6107
16587,3.97466,1.69063,0.574093,0.091563,0.448276,0.423275,0,1.71125
16587,3.97632,1.69061,0.628938,0.087293,0.440647,0.447443,0,1.60852
16587,3.97823,1.6907,0.650391,0.295325,0.447403,0.459449,0,1.67581
16587,3.9797,1.69061,0.393617,0.089329,0.461715,0.422255,0,1.9334
16587,3.98134,1.69059,0.590833,0.094924,0.44683,0.438869,0,1.44419
16587,3.983,1.69058,0.605639,0.089865,0.47644,0.424636,0,1.65021
16587,3.98617,1.69121,2.08096,0.097587,0.431156,0.383005,0,1.68346
16587,3.98718,1.69092,0.030121,0.082342,0.426756,0.411248,0,3.07575
16587,3.9882,1.69063,0.030646,0.076717,0.344039,0.379669,0,1.02226
16587,3.98962,1.69052,0.574626,0.069428,0.532848,0.439249,0,0.880718
16587,3.9913,1.69051,0.532863,0.102839,0.44674,0.457104,0,1.69166
16587,3.993,1.69051,0.622857,0.095913,0.452371,0.439665,0,1.61286
16587,3.99464,1.69049,0.584428,0.088544,0.460285,0.438316,0,1.6884
16587,3.99629,1.69048,0.577016,0.094377,0.449573,0.627566,0,1.65149
16587,3.99794,1.69046,0.403071,0.087615,0.442656,0.43659,0,1.82982
16587,3.99963,1.69046,0.653268,0.089698,0.436199,0.423826,0,1.43941
16587,4.00132,1.69046,0.653725,0.094728,0.46837,0.504093,0,1.68195
16587,4.00453,1.6911,2.06626,0.094022,0.527731,0.437992,0,1.80317
16587,4.00569,1.69088,0.035223,0.080449,0.466562,0.435638,0,3.20271
16587,4.00678,1.69062,0.03417,0.078813,0.45093,0.428053,0,1.0892
16587,4.00789,1.69038,0.110625,0.059932,0.4935,0.458497,0,1.05978
16587,4.00967,1.69042,0.60656,0.15261,0.452036,0.425075,0,1.19016
16587,4.01125,1.69037,0.524907,0.095495,0.727753,0.441831,0,1.71487
16587,4.01301,1.6904,0.342349,0.182988,0.452273,0.430464,0,1.85776
16587,4.01462,1.69037,0.554893,0.095164,0.440991,0.429279,0,1.48607
16587,4.01627,1.69035,0.610588,0.092296,0.452497,0.437984,0,1.59868
16587,4.01794,1.69034,0.597265,0.093477,0.454271,0.430354,0,1.67473
16587,4.01957,1.69032,0.586146,0.082448,0.446203,0.439938,0,1.65555
16587,4.02127,1.69032,0.649271,0.088904,0.589164,0.444759,0,1.6274
16587,4.02294,1.69031,0.476767,0.090618,0.451937,0.434919,0,1.84286
16587,4.02455,1.69028,0.544622,0.097427,0.455736,0.433639,0,1.5374
16587,4.02627,1.69029,0.684141,0.074004,0.451344,0.425757,0,1.60549
16587,4.02794,1.69028,0.612479,0.093026,0.437107,0.560146,0,1.71445
16587,4.02957,1.69026,0.475832,0.094856,0.444178,0.350294,0,1.77112
16587,4.03123,1.69024,0.687893,0.091681,0.452485,0.435081,0,1.44439
16587,4.03286,1.69022,0.577578,0.088069,0.447725,0.450632,0,1.74436
16587,4.03452,1.69021,0.604251,0.087473,0.461255,0.440269,0,1.63875
16587,4.03618,1.69019,0.602066,0.086962,0.442016,0.974847,0,1.66236
16587,4.03786,1.69019,0.105927,0.081883,0.447913,1.10344,0,2.17693
16587,4.03961,1.69021,0.029399,0.093875,0.392728,0.512521,0,1.81413
16587,4.04121,1.69018,0.532194,0.090121,0.388224,0.429799,0,1.10607
16587,4.04286,1.69016,0.66465,0.089818,0.443119,0.435699,0,1.51869
16587,4.0445,1.69014,0.598229,0.088989,0.434565,0.436417,0,1.70768
16587,4.04644,1.69024,0.638765,0.361559,0.447498,0.441996,0,1.62274
16587,4.04786,1.69013,0.359993,0.093153,0.439042,0.42752,0,1.9722
16587,4.04951,1.69011,0.597864,0.104305,0.460289,0.435278,0,1.40005
16587,4.05119,1.69011,0.602682,0.098535,0.452166,0.413642,0,1.67629
16587,4.0529,1.69012,0.682402,0.092243,0.437511,0.413888,0,1.63335
16587,4.05453,1.69009,0.631899,0.079605,0.48412,0.435714,0,1.69861
16587,4.05619,1.69008,0.570172,0.090055,0.462854,0.432779,0,1.71048
16587,4.05783,1.69006,0.578568,0.089798,0.456143,0.434735,0,1.63369
16587,4.05952,1.69006,0.626223,0.090598,0.453723,0.425532,0,1.63871
16587,4.06114,1.69003,0.568549,0.087017,0.445903,0.444316,0,1.67673
16587,4.06279,1.69001,0.600671,0.089916,0.453358,0.428571,0,1.6224
16587,4.06448,1.69001,0.613256,0.088854,0.448782,0.437567,0,1.67081
16587,4.06613,1.68999,0.601151,0.086558,0.454794,0.439706,0,1.66375
16587,4.06782,1.69,0.627907,0.095583,0.43601,0.428013,0,1.65922
16587,4.06947,1.68998,0.620894,0.088142,0.449044,0.440348,0,1.66046
16587,4.07111,1.68996,0.58613,0.088309,0.445781,0.426027,0,1.67342
16587,4.07316,1.69011,1.03037,0.082301,0.481792,1.16132,0,1.61675
16587,4.07501,1.69017,0.03652,0.096187,0.442049,0.476274,0,2.83069
16587,4.07612,1.68993,0.032105,0.079105,0.438725,0.452377,0,1.12792
16587,4.07777,1.68992,0.596178,0.088499,0.479058,0.421542,0,1.07449
16587,4.07946,1.68992,0.634127,0.090669,0.444581,0.431052,0,1.65192
16587,4.08109,1.68989,0.587542,0.088969,0.467189,0.446676,0,1.6813
16587,4.08278,1.68989,0.605219,0.091206,0.454336,0.432352,0,1.66492
16587,4.08442,1.68987,0.579921,0.093062,0.440888,0.437923,0,1.66507
16587,4.08608,1.68986,0.617436,0.091136,0.450526,0.432334,0,1.62357
16587,4.08774,1.68985,0.614732,0.086468,0.425824,0.49276,0,1.66598
16587,4.08944,1.68985,0.626742,0.087254,0.4536,0.458588,0,1.68855
16587,4.09107,1.68982,0.558501,0.078752,0.45749,0.454279,0,1.70485
16587,4.09274,1.68982,0.605192,0.084929,0.450422,0.430874,0,1.61794
16587,4.09439,1.6898,0.615319,0.086625,0.441278,0.428145,0,1.64365
16587,4.09609,1.68981,0.66391,0.089928,0.446425,0.434072,0,1.64455
16587,4.09773,1.68979,0.594413,0.08773,0.560313,1.08971,0,1.71749
16587,4.09958,1.68985,0.028106,0.09335,0.455216,0.43531,0,2.40154
16587,4.10104,1.68976,0.416326,0.080498,0.462907,0.47727,0,1.09109
16587,4.10271,1.68975,0.568316,0.092962,0.452327,0.433475,0,1.50499
16587,4.10439,1.68975,0.622648,0.096859,0.432431,0.436458,0,1.62395
16587,4.10604,1.68973,0.602521,0.09626,0.440434,0.420723,0,1.66469
16587,4.10773,1.68973,0.679737,0.080525,0.454892,1.07454,0,1.63229
16587,4.10946,1.68974,0.027063,0.095078,0.38867,0.477103,0,2.36318
16587,4.11101,1.68969,0.527857,0.087748,0.456154,0.430541,0,1.06199
16587,4.11273,1.6897,0.670804,0.089258,0.444481,0.426497,0,1.57359
16587,4.11438,1.68968,0.615924,0.091999,0.451161,0.420733,0,1.70016
16587,4.11604,1.68967,0.587027,0.116271,0.438485,0.431266,0,1.66478
16587,4.11769,1.68965,0.634796,0.072335,0.4558,0.425667,0,1.64373
16587,4.11937,1.68965,0.628069,0.091289,0.437214,0.445919,0,1.66677
16587,4.12101,1.68963,0.611644,0.072519,0.458655,0.428623,0,1.67871
16587,4.1227,1.68963,0.629955,0.093319,0.453871,0.434137,0,1.64876
16587,4.12604,1.69031,0.592764,1.78576,0.39998,0.344103,0,1.68933
16587,4.12698,1.69,0.029175,0.077263,0.436,0.412882,0,3.20566
16587,4.12799,1.68972,0.032043,0.060682,0.4366,0.428118,0,1.02273
16587,4.12931,1.68957,0.311946,0.081586,0.462509,0.454851,0,1.02543
16587,4.13096,1.68956,0.585217,0.077228,0.442715,0.421819,0,1.38133
16587,4.13268,1.68957,0.676864,0.097542,0.450683,0.434433,0,1.60274
16587,4.13431,1.68954,0.575683,0.089711,0.458755,0.442916,0,1.73703
16587,4.13598,1.68953,0.603679,0.092238,0.459225,0.443633,0,1.63942
16587,4.13763,1.68952,0.590879,0.089506,0.446841,0.433268,0,1.66687
16587,4.1393,1.68951,0.635566,0.089932,0.450081,0.427006,0,1.62549
16587,4.14096,1.6895,0.628542,0.089919,0.435298,0.432181,0,1.67113
16587,4.14284,1.68958,0.883678,0.062736,0.405003,0.448348,0,1.65242
16587,4.14463,1.68962,0.746527,0.107707,0.455136,0.45394,0,1.88258
16587,4.14593,1.68946,0.230243,0.081925,0.451704,0.445213,0,1.84449
16587,4.14765,1.68947,0.657559,0.091399,0.458001,0.435337,0,1.27702
16587,4.14932,1.68946,0.602296,0.09356,0.442649,0.446923,0,1.7284
16587,4.15101,1.68946,0.617141,0.093451,0.45455,0.427183,0,1.66989
16587,4.15266,1.68945,0.588638,0.093462,0.349707,0.34746,0,1.67521
16587,4.15429,1.68942,0.785652,0.092151,0.451069,0.423773,0,1.43905
16587,4.15593,1.6894,0.597378,0.087127,0.437513,0.429021,0,1.83535
16587,4.15761,1.6894,0.654812,0.089979,0.454329,0.427404,0,1.61696
16587,4.1593,1.6894,0.637518,0.090465,0.464784,0.442134,0,1.70525
16587,4.16088,1.68936,0.543197,0.058308,0.445992,0.448886,0,1.71155
16587,4.16261,1.68937,0.664956,0.091913,0.443687,0.41872,0,1.56881
16587,4.16429,1.68937,0.651889,0.089996,0.448305,0.429419,0,1.69585
16587,4.16594,1.68935,0.592137,0.096229,0.453053,0.438733,0,1.70359
16587,4.1676,1.68934,0.593104,0.093986,0.451778,0.446853,0,1.65925
16587,4.16922,1.68931,0.557655,0.092001,0.4511,0.437392,0,1.66258
16587,4.17091,1.68931,0.625509,0.088694,0.443285,0.42335,0,1.61736
16587,4.17262,1.68932,0.681707,0.093395,0.446398,0.426384,0,1.65071
16587,4.17425,1.6893,0.591861,0.09148,0.44909,0.420307,0,1.72533
16587,4.1759,1.68928,0.61616,0.089372,0.422894,0.417474,0,1.62782
16587,4.17756,1.68927,0.654193,0.087972,0.406682,0.420243,0,1.62458
16587,4.17925,1.68927,0.68106,0.103043,0.407033,0.363682,0,1.64464
16587,4.18087,1.68924,0.672273,0.097324,0.405212,0.405688,0,1.63585
16587,4.18256,1.68924,0.734682,0.090442,0.435569,0.428066,0,1.63315
16587,4.18423,1.68923,0.630858,0.097345,0.444158,0.437356,0,1.76882
16587,4.1859,1.68923,0.611667,0.097994,0.45526,0.434575,0,1.68839
16587,4.18755,1.68921,0.591302,0.091672,0.447431,0.42197,0,1.67877
16587,4.18917,1.68918,0.580239,0.088992,0.454367,0.425826,0,1.63243
16587,4.19091,1.6892,0.697146,0.089907,0.444804,0.429078,0,1.61844
16587,4.19253,1.68918,0.583083,0.089349,0.452233,0.412764,0,1.74029
16587,4.19421,1.68917,0.63952,0.09147,0.429736,0.420517,0,1.62098
16587,4.19583,1.68914,0.601555,0.091148,0.474233,0.440346,0,1.65401
16587,4.19752,1.68914,0.611787,0.08893,0.441431,0.424686,0,1.68549
16587,4.19919,1.68914,0.633852,0.091651,0.453831,0.434879,0,1.64482
16587,4.20085,1.68913,0.601836,0.092233,0.454113,0.436598,0,1.69357
16587,4.20252,1.68911,0.595182,0.094453,0.449234,0.443018,0,1.66648
16587,4.20418,1.6891,0.593892,0.092938,0.451021,0.4342,0,1.66523
16587,4.2058,1.68908,0.571129,0.089627,0.456704,0.427309,0,1.64977
16587,4.2075,1.68908,0.652431,0.090956,0.450926,0.42833,0,1.61808
16587,4.20914,1.68906,0.561446,0.093399,0.450575,0.453581,0,1.7294
